Name,Link

"Vaart, Jan van der",https://web.archive.org/web/20121007172907/http://www.nga.gov/cgi-bin/tsearch?artistid=6320

"Vaccaro, Pat",https://web.archive.org/web/20121007172907/http://www.nga.gov/cgi-bin/tsearch?artistid=35049

"Vaccaro, Patrick Frank",https://web.archive.org/web/20121007172907/http://www.nga.gov/cgi-bin/tsearch?artistid=35049

"Vaccaro, Patt",https://web.archive.org/web/20121007172907/http://www.nga.gov/cgi-bin/tsearch?artistid=35049

"V�chal, Josef",https://web.archive.org/web/20121007172907/http://www.nga.gov/cgi-bin/tsearch?artistid=24765

"Vacher, Sydney",https://web.archive.org/web/20121007172907/http://www.nga.gov/cgi-bin/tsearch?artistid=3248

"Vacquerie, Auguste",https://web.archive.org/web/20121007172907/http://www.nga.gov/cgi-bin/tsearch?artistid=19004

"Vadder, Lodewijk de",https://web.archive.org/web/20121007172907/http://www.nga.gov/cgi-bin/tsearch?artistid=3249

"Vade, Jean-Joseph",https://web.archive.org/web/20121007172907/http://www.nga.gov/cgi-bin/tsearch?artistid=7082

"Vaenius, Otto van",https://web.archive.org/web/20121007172907/http://www.nga.gov/cgi-bin/tsearch?artistid=6260

"Vaga, Perino del",https://web.archive.org/web/20121007172907/http://www.nga.gov/cgi-bin/tsearch?artistid=1777

"Vail, Eugene Lawrence",https://web.archive.org/web/20121007172907/http://www.nga.gov/cgi-bin/tsearch?artistid=1945

"Vail, James",https://web.archive.org/web/20121007172907/http://www.nga.gov/cgi-bin/tsearch?artistid=8155

"Vaillant, Bernard",https://web.archive.org/web/20121007172907/http://www.nga.gov/cgi-bin/tsearch?artistid=3250

"Vaillant, Wallerant",https://web.archive.org/web/20121007172907/http://www.nga.gov/cgi-bin/tsearch?artistid=3251

"Valadier, Giuseppe",https://web.archive.org/web/20121007172907/http://www.nga.gov/cgi-bin/tsearch?artistid=11589

"Valadon, Jules Emmanuel",https://web.archive.org/web/20121007172907/http://www.nga.gov/cgi-bin/tsearch?artistid=21950

"Valadon, Marie Clementine",https://web.archive.org/web/20121007172907/http://www.nga.gov/cgi-bin/tsearch?artistid=3252

"Valadon, Suzanne",https://web.archive.org/web/20121007172907/http://www.nga.gov/cgi-bin/tsearch?artistid=3252

"Valck, Gerard",https://web.archive.org/web/20121007172907/http://www.nga.gov/cgi-bin/tsearch?artistid=3253

"Valdenuit, Thomas Bluget de",https://web.archive.org/web/20121007172907/http://www.nga.gov/cgi-bin/tsearch?artistid=27392

"Vald�s, Lucas de",https://web.archive.org/web/20121007172907/http://www.nga.gov/cgi-bin/tsearch?artistid=12113

"Vald�s Leal, Juan de",https://web.archive.org/web/20121007172907/http://www.nga.gov/cgi-bin/tsearch?artistid=1946

"Vald�s Niza Leal, Juan de",https://web.archive.org/web/20121007172907/http://www.nga.gov/cgi-bin/tsearch?artistid=1946

"Valdor, Johannes",https://web.archive.org/web/20121007172907/http://www.nga.gov/cgi-bin/tsearch?artistid=5960

"Valenciennes, Pierre-Henri de",https://web.archive.org/web/20121007172907/http://www.nga.gov/cgi-bin/tsearch?artistid=13593

"Valentin, Curt",https://web.archive.org/web/20121007172907/http://www.nga.gov/cgi-bin/tsearch?artistid=33008

Valentin de Boulogne,https://web.archive.org/web/20121007172907/http://www.nga.gov/cgi-bin/tsearch?artistid=19114

"Valentine, Dewain",https://web.archive.org/web/20121007172907/http://www.nga.gov/cgi-bin/tsearch?artistid=35915

"Valentine, Elizabeth",https://web.archive.org/web/20121006053500/http://www.nga.gov/cgi-bin/tsearch?artistid=8156

"Valentinis, Sebastiano de",https://web.archive.org/web/20121006053500/http://www.nga.gov/cgi-bin/tsearch?artistid=3254

"Valeriani, Giuseppe",https://web.archive.org/web/20121006053500/http://www.nga.gov/cgi-bin/tsearch?artistid=6857

"Valerio, Th�odore",https://web.archive.org/web/20121006053500/http://www.nga.gov/cgi-bin/tsearch?artistid=3255

"Val�ry, Paul",https://web.archive.org/web/20121006053500/http://www.nga.gov/cgi-bin/tsearch?artistid=30850

"Valesio, Dionigi",https://web.archive.org/web/20121006053500/http://www.nga.gov/cgi-bin/tsearch?artistid=11973

"Valesio, Francesco",https://web.archive.org/web/20121006053500/http://www.nga.gov/cgi-bin/tsearch?artistid=11590

"Valk, Gerard",https://web.archive.org/web/20121006053500/http://www.nga.gov/cgi-bin/tsearch?artistid=3253

"Vallayer-Coster, Anne",https://web.archive.org/web/20121006053500/http://www.nga.gov/cgi-bin/tsearch?artistid=3256

"Vallayer-Coster, Dorothee Anne",https://web.archive.org/web/20121006053500/http://www.nga.gov/cgi-bin/tsearch?artistid=3256

"Valle, Maude",https://web.archive.org/web/20121006053500/http://www.nga.gov/cgi-bin/tsearch?artistid=8157

"Vall�e, Louis",https://web.archive.org/web/20121006053500/http://www.nga.gov/cgi-bin/tsearch?artistid=24833

"Vallotton, F�lix",https://web.archive.org/web/20121006053500/http://www.nga.gov/cgi-bin/tsearch?artistid=1947

"Vallotton, F�lix Edouard",https://web.archive.org/web/20121006053500/http://www.nga.gov/cgi-bin/tsearch?artistid=1947

"Vallou de Villeneuve, Julien",https://web.archive.org/web/20121006053500/http://www.nga.gov/cgi-bin/tsearch?artistid=13408

"Valtat, Louis",https://web.archive.org/web/20121006053500/http://www.nga.gov/cgi-bin/tsearch?artistid=3258

"Valtchev, Ivan",https://web.archive.org/web/20121006053500/http://www.nga.gov/cgi-bin/tsearch?artistid=3259

"Valton, Edmond Eug�ne",https://web.archive.org/web/20121006053500/http://www.nga.gov/cgi-bin/tsearch?artistid=16933

"Valvassori, Gabriele",https://web.archive.org/web/20121006053500/http://www.nga.gov/cgi-bin/tsearch?artistid=19571

"van Baburen, Dirck",https://web.archive.org/web/20121006053500/http://www.nga.gov/cgi-bin/tsearch?artistid=22774

"van Brugsal, Alexander",https://web.archive.org/web/20121006053500/http://www.nga.gov/cgi-bin/tsearch?artistid=2044

"van de Passe, Simon",https://web.archive.org/web/20121006053500/http://www.nga.gov/cgi-bin/tsearch?artistid=6159

"van de Velde, Adriaen",https://web.archive.org/web/20121006053500/http://www.nga.gov/cgi-bin/tsearch?artistid=3271

"van de Velde, Willem the Elder",https://web.archive.org/web/20121006053500/http://www.nga.gov/cgi-bin/tsearch?artistid=14063

"van de Velde the Younger, Willem",https://web.archive.org/web/20121006053500/http://www.nga.gov/cgi-bin/tsearch?artistid=2790

"Van Deckter, Jack",https://web.archive.org/web/20121006053500/http://www.nga.gov/cgi-bin/tsearch?artistid=34195

"van den Bossche, Helias",https://web.archive.org/web/20121006053500/http://www.nga.gov/cgi-bin/tsearch?artistid=24137

"van den Eeckhout, Gerbrand",https://web.archive.org/web/20121006053500/http://www.nga.gov/cgi-bin/tsearch?artistid=5995

"van der Ast, Balthasar",https://web.archive.org/web/20121006053500/http://www.nga.gov/cgi-bin/tsearch?artistid=9893

"van der Goes, Hugo",https://web.archive.org/web/20121005003518/http://www.nga.gov/cgi-bin/tsearch?artistid=2533

"van der Haagen, Joris",https://web.archive.org/web/20121005003518/http://www.nga.gov/cgi-bin/tsearch?artistid=28658

"van der Heyden, Jacob",https://web.archive.org/web/20121005003518/http://www.nga.gov/cgi-bin/tsearch?artistid=4343

"van der Heyden, Jan",https://web.archive.org/web/20121005003518/http://www.nga.gov/cgi-bin/tsearch?artistid=1395

"Van der Neer, Aert",https://web.archive.org/web/20121005003518/http://www.nga.gov/cgi-bin/tsearch?artistid=6677

"van der Poel, Pieter Dirk",https://web.archive.org/web/20121005003518/http://www.nga.gov/cgi-bin/tsearch?artistid=13968

"van der Ulft, Jacob",https://web.archive.org/web/20121005003518/http://www.nga.gov/cgi-bin/tsearch?artistid=6349

"van der Weyden, Rogier",https://web.archive.org/web/20121005003518/http://www.nga.gov/cgi-bin/tsearch?artistid=1971

"van Doesburg, Theo",https://web.archive.org/web/20121005003518/http://www.nga.gov/cgi-bin/tsearch?artistid=9725

"Van Dunker, Dorothy",https://web.archive.org/web/20121005003518/http://www.nga.gov/cgi-bin/tsearch?artistid=8161

"van Dyck, Anthony Sir",https://web.archive.org/web/20121005003518/http://www.nga.gov/cgi-bin/tsearch?artistid=1259

"Van Elten, Hendrick Dirk Kruseman",https://web.archive.org/web/20121005003518/http://www.nga.gov/cgi-bin/tsearch?artistid=34097

"van Eyck, Jan",https://web.archive.org/web/20121005003518/http://www.nga.gov/cgi-bin/tsearch?artistid=1270

"Van Felix, Maurice",https://web.archive.org/web/20121005003518/http://www.nga.gov/cgi-bin/tsearch?artistid=8162

"van Gogh, Vincent",https://web.archive.org/web/20121005003518/http://www.nga.gov/cgi-bin/tsearch?artistid=1349

"van Goyen, Jan",https://web.archive.org/web/20121005003518/http://www.nga.gov/cgi-bin/tsearch?artistid=1354

"van Helmont, Zeger Jacob",https://web.archive.org/web/20121005003518/http://www.nga.gov/cgi-bin/tsearch?artistid=35282

"Van Houten, Katrine",https://web.archive.org/web/20121005003518/http://www.nga.gov/cgi-bin/tsearch?artistid=4254

"van Huysum, Jan",https://web.archive.org/web/20121005003518/http://www.nga.gov/cgi-bin/tsearch?artistid=1409

"van Kaisersberg, Johann Geiler",https://web.archive.org/web/20121005003518/http://www.nga.gov/cgi-bin/tsearch?artistid=36268

"van Kessel, Jan",https://web.archive.org/web/20121005003518/http://www.nga.gov/cgi-bin/tsearch?artistid=5484

"Van Leyden, Ernst",https://web.archive.org/web/20121005003518/http://www.nga.gov/cgi-bin/tsearch?artistid=5837

"Van Loo, Am�d�e",https://web.archive.org/web/20121005003518/http://www.nga.gov/cgi-bin/tsearch?artistid=1491

"Van Loo, Carle",https://web.archive.org/web/20121005003518/http://www.nga.gov/cgi-bin/tsearch?artistid=2633

"Van Loo, C�sar",https://web.archive.org/web/20121005003518/http://www.nga.gov/cgi-bin/tsearch?artistid=31039

"Van Loo, Charles Am�d�e Philippe",https://web.archive.org/web/20121005003518/http://www.nga.gov/cgi-bin/tsearch?artistid=1491

"Van Loo, Charles Andr�",https://web.archive.org/web/20121005003518/http://www.nga.gov/cgi-bin/tsearch?artistid=2633

"Van Loo, Jean-Baptiste",https://web.archive.org/web/20121005003518/http://www.nga.gov/cgi-bin/tsearch?artistid=4744

"Van Loo, Jules C�sar Denis",https://web.archive.org/web/20121005003518/http://www.nga.gov/cgi-bin/tsearch?artistid=31039

"Van Loo, Louis Michel",https://web.archive.org/web/20121006053505/http://www.nga.gov/cgi-bin/tsearch?artistid=4745

"Van Loo, called C�sar Van Loo, Jules C�sar Denis",https://web.archive.org/web/20121006053505/http://www.nga.gov/cgi-bin/tsearch?artistid=31039

"van Mieris, Frans",https://web.archive.org/web/20121006053505/http://www.nga.gov/cgi-bin/tsearch?artistid=5998

"Van Ness, Isaac M.",https://web.archive.org/web/20121006053505/http://www.nga.gov/cgi-bin/tsearch?artistid=6428

"van Orley, Bernard",https://web.archive.org/web/20121006053505/http://www.nga.gov/cgi-bin/tsearch?artistid=1758

"van Orley, Richard",https://web.archive.org/web/20121006053505/http://www.nga.gov/cgi-bin/tsearch?artistid=5132

"van Ruysdael, Salomon",https://web.archive.org/web/20121006053505/http://www.nga.gov/cgi-bin/tsearch?artistid=18427

"Van Sloun, Frank J.",https://web.archive.org/web/20121006053505/http://www.nga.gov/cgi-bin/tsearch?artistid=3261

"van Steenwijk the Younger, Hendrick",https://web.archive.org/web/20121006053505/http://www.nga.gov/cgi-bin/tsearch?artistid=27366

"van Thielen, Jan Philips",https://web.archive.org/web/20121006053505/http://www.nga.gov/cgi-bin/tsearch?artistid=9895

"Van Velde, Bram",https://web.archive.org/web/20121006053505/http://www.nga.gov/cgi-bin/tsearch?artistid=9890

"Van Vliet, Claire",https://web.archive.org/web/20121006053505/http://www.nga.gov/cgi-bin/tsearch?artistid=3263

"Van Voris, Vera",https://web.archive.org/web/20121006053505/http://www.nga.gov/cgi-bin/tsearch?artistid=8163

"Van Voris Cordon, Vera Dr.",https://web.archive.org/web/20121006053505/http://www.nga.gov/cgi-bin/tsearch?artistid=8163

"van Walscapelle, Jacob",https://web.archive.org/web/20121006053505/http://www.nga.gov/cgi-bin/tsearch?artistid=25759

"Van Young, Oscar",https://web.archive.org/web/20121006053505/http://www.nga.gov/cgi-bin/tsearch?artistid=34098

"Vance, V.L.",https://web.archive.org/web/20121006053505/http://www.nga.gov/cgi-bin/tsearch?artistid=8158

"Vanderbank, John",https://web.archive.org/web/20121006053505/http://www.nga.gov/cgi-bin/tsearch?artistid=6493

"Vandergucht, Gerard",https://web.archive.org/web/20121006053505/http://www.nga.gov/cgi-bin/tsearch?artistid=21908

"Vanderhoff, Charles A.",https://web.archive.org/web/20121006053505/http://www.nga.gov/cgi-bin/tsearch?artistid=6443

"Vanderhoof, Charles A.",https://web.archive.org/web/20121006053505/http://www.nga.gov/cgi-bin/tsearch?artistid=6443

"Vanderlyn, John",https://web.archive.org/web/20121006053505/http://www.nga.gov/cgi-bin/tsearch?artistid=1948

"Vanderlyn, Pieter",https://web.archive.org/web/20121006053505/http://www.nga.gov/cgi-bin/tsearch?artistid=5847

"Vanderpool, Grant",https://web.archive.org/web/20121006053505/http://www.nga.gov/cgi-bin/tsearch?artistid=8159

"VanDerZee, James",https://web.archive.org/web/20121006053505/http://www.nga.gov/cgi-bin/tsearch?artistid=23911

"Vandre, Bessie",https://web.archive.org/web/20121006053505/http://www.nga.gov/cgi-bin/tsearch?artistid=8160

"Vangelisti, Vincenzo",https://web.archive.org/web/20121006053505/http://www.nga.gov/cgi-bin/tsearch?artistid=6152

"Vanloo, Am�d�e",https://web.archive.org/web/20121006053505/http://www.nga.gov/cgi-bin/tsearch?artistid=1491

"Vanloo, Carle",https://web.archive.org/web/20121006053505/http://www.nga.gov/cgi-bin/tsearch?artistid=2633

"Vanloo, C�sar",https://web.archive.org/web/20121006053511/http://www.nga.gov/cgi-bin/tsearch?artistid=31039

"Vanloo, Charles Am�d�e Philippe",https://web.archive.org/web/20121006053511/http://www.nga.gov/cgi-bin/tsearch?artistid=1491

"Vanloo, Charles Andr�",https://web.archive.org/web/20121006053511/http://www.nga.gov/cgi-bin/tsearch?artistid=2633

"Vanloo, Jean-Baptiste",https://web.archive.org/web/20121006053511/http://www.nga.gov/cgi-bin/tsearch?artistid=4744

"Vanloo, Jules C�sar Denis",https://web.archive.org/web/20121006053511/http://www.nga.gov/cgi-bin/tsearch?artistid=31039

"Vanloo, Louis Michel",https://web.archive.org/web/20121006053511/http://www.nga.gov/cgi-bin/tsearch?artistid=4745

"Vanloo, called C�sar Vanloo, Jules C�sar Denis",https://web.archive.org/web/20121006053511/http://www.nga.gov/cgi-bin/tsearch?artistid=31039

"Vanni, Francesco",https://web.archive.org/web/20121006053511/http://www.nga.gov/cgi-bin/tsearch?artistid=2786

"Vanni, Lippo",https://web.archive.org/web/20121006053511/http://www.nga.gov/cgi-bin/tsearch?artistid=4667

"Vanucci, Pietro",https://web.archive.org/web/20121006053511/http://www.nga.gov/cgi-bin/tsearch?artistid=1778

"Vanucci, Pietro di Cristoforo",https://web.archive.org/web/20121006053511/http://www.nga.gov/cgi-bin/tsearch?artistid=1778

"Vanvitelli, Gaspare",https://web.archive.org/web/20121006053511/http://www.nga.gov/cgi-bin/tsearch?artistid=5660

"Vanvitelli, Luigi",https://web.archive.org/web/20121006053511/http://www.nga.gov/cgi-bin/tsearch?artistid=3262

"Varallo, Tanzio da",https://web.archive.org/web/20121006053511/http://www.nga.gov/cgi-bin/tsearch?artistid=1921

"Vardy, John",https://web.archive.org/web/20121006053511/http://www.nga.gov/cgi-bin/tsearch?artistid=11591

"Varga, Nandor Lajos",https://web.archive.org/web/20121006053511/http://www.nga.gov/cgi-bin/tsearch?artistid=3264

"Vargas, Jose",https://web.archive.org/web/20121006053511/http://www.nga.gov/cgi-bin/tsearch?artistid=24501

"Varin, Charles Nicolas",https://web.archive.org/web/20121006053511/http://www.nga.gov/cgi-bin/tsearch?artistid=3265

"Varin, Jean",https://web.archive.org/web/20121006053511/http://www.nga.gov/cgi-bin/tsearch?artistid=2295

"Varin, Pierre",https://web.archive.org/web/20121006053511/http://www.nga.gov/cgi-bin/tsearch?artistid=9656

"Varin, R.",https://web.archive.org/web/20121006053511/http://www.nga.gov/cgi-bin/tsearch?artistid=3266

Varin Fr�res,https://web.archive.org/web/20121006053511/http://www.nga.gov/cgi-bin/tsearch?artistid=27949

Various Artists,https://web.archive.org/web/20121006053511/http://www.nga.gov/cgi-bin/tsearch?artistid=3267

"Varley, Cornelius",https://web.archive.org/web/20121006053511/http://www.nga.gov/cgi-bin/tsearch?artistid=6573

"Varley, John",https://web.archive.org/web/20121006053511/http://www.nga.gov/cgi-bin/tsearch?artistid=2787

"Varley, Robert",https://web.archive.org/web/20121006053511/http://www.nga.gov/cgi-bin/tsearch?artistid=6433

"Vasarely, Victor",https://web.archive.org/web/20121006053511/http://www.nga.gov/cgi-bin/tsearch?artistid=3268

"Vasari, Giorgio",https://web.archive.org/web/20121006053511/http://www.nga.gov/cgi-bin/tsearch?artistid=3269

"Vasconi, Filippo",https://web.archive.org/web/20121006053511/http://www.nga.gov/cgi-bin/tsearch?artistid=14776

"Vase, Pierre du",https://web.archive.org/web/20121006053516/http://www.nga.gov/cgi-bin/tsearch?artistid=6445

"Vasi, Giuseppe",https://web.archive.org/web/20121006053516/http://www.nga.gov/cgi-bin/tsearch?artistid=3270

"Vasi, Joseph",https://web.archive.org/web/20121006053516/http://www.nga.gov/cgi-bin/tsearch?artistid=3270

"Vasilieff, Nicolai",https://web.archive.org/web/20121006053516/http://www.nga.gov/cgi-bin/tsearch?artistid=25859

"Vasina, Dariusz",https://web.archive.org/web/20121006053516/http://www.nga.gov/cgi-bin/tsearch?artistid=23972

"Vassallo, Antonio Maria",https://web.archive.org/web/20121006053516/http://www.nga.gov/cgi-bin/tsearch?artistid=1949

"Vassilakis, Panayotis",https://web.archive.org/web/20121006053516/http://www.nga.gov/cgi-bin/tsearch?artistid=3163

"Vaughan, Robert",https://web.archive.org/web/20121006053516/http://www.nga.gov/cgi-bin/tsearch?artistid=6211

"Vaughn, Annie L.",https://web.archive.org/web/20121006053516/http://www.nga.gov/cgi-bin/tsearch?artistid=8164

"Vaughn, John Keith",https://web.archive.org/web/20121006053516/http://www.nga.gov/cgi-bin/tsearch?artistid=9874

"Vaughn, Keith",https://web.archive.org/web/20121006053516/http://www.nga.gov/cgi-bin/tsearch?artistid=9874

"Vavak, Joseph",https://web.archive.org/web/20121006053516/http://www.nga.gov/cgi-bin/tsearch?artistid=34100

"Vecchi, Floriano",https://web.archive.org/web/20121006053516/http://www.nga.gov/cgi-bin/tsearch?artistid=21079

"Vecchia, Pietro della",https://web.archive.org/web/20121006053516/http://www.nga.gov/cgi-bin/tsearch?artistid=6893

"Vecellio, Tiziano",https://web.archive.org/web/20121006053516/http://www.nga.gov/cgi-bin/tsearch?artistid=1932

"Vedder, Elihu",https://web.archive.org/web/20121006053516/http://www.nga.gov/cgi-bin/tsearch?artistid=2788

"Veen, Otto van",https://web.archive.org/web/20121006053516/http://www.nga.gov/cgi-bin/tsearch?artistid=6260

"Vegetius Renatus, Flavius",https://web.archive.org/web/20121006053516/http://www.nga.gov/cgi-bin/tsearch?artistid=7083

"Veit, Philipp",https://web.archive.org/web/20121006053516/http://www.nga.gov/cgi-bin/tsearch?artistid=31151

"Veith, Philipp",https://web.archive.org/web/20121006053516/http://www.nga.gov/cgi-bin/tsearch?artistid=35653

"Vel�zquez, Diego",https://web.archive.org/web/20121006053516/http://www.nga.gov/cgi-bin/tsearch?artistid=1950

"Vel�zquez, Diego Rodriquez de Silva y",https://web.archive.org/web/20121006053516/http://www.nga.gov/cgi-bin/tsearch?artistid=1950

"Velde, Adriaen van de",https://web.archive.org/web/20121006053516/http://www.nga.gov/cgi-bin/tsearch?artistid=3271

"Velde, Bram Van",https://web.archive.org/web/20121006053516/http://www.nga.gov/cgi-bin/tsearch?artistid=9890

"Velde, Esaias van de",https://web.archive.org/web/20121006053516/http://www.nga.gov/cgi-bin/tsearch?artistid=14862

"Velde, Willem van de the Younger",https://web.archive.org/web/20121006053516/http://www.nga.gov/cgi-bin/tsearch?artistid=2790

"Velde I, Esaias van de",https://web.archive.org/web/20121006053516/http://www.nga.gov/cgi-bin/tsearch?artistid=2789

"Velde I, Willem van de",https://web.archive.org/web/20121006053516/http://www.nga.gov/cgi-bin/tsearch?artistid=14063

"Velde II, Jan van de",https://web.archive.org/web/20121006053516/http://www.nga.gov/cgi-bin/tsearch?artistid=3272

"Velde II, Willem van de",https://web.archive.org/web/20121006053715/http://www.nga.gov/cgi-bin/tsearch?artistid=2790

"Velde the Elder, Willem van de",https://web.archive.org/web/20121006053715/http://www.nga.gov/cgi-bin/tsearch?artistid=14063

"Velde the Younger, Willem van de",https://web.archive.org/web/20121006053715/http://www.nga.gov/cgi-bin/tsearch?artistid=2790

"Veli, Benedetto",https://web.archive.org/web/20121006053715/http://www.nga.gov/cgi-bin/tsearch?artistid=31169

"Vellano, Bartolomeo",https://web.archive.org/web/20121006053715/http://www.nga.gov/cgi-bin/tsearch?artistid=2013

"Vellert, Dierick Jacobsz",https://web.archive.org/web/20121006053715/http://www.nga.gov/cgi-bin/tsearch?artistid=3273

"Vellert, Dirick Jacobsz",https://web.archive.org/web/20121006053715/http://www.nga.gov/cgi-bin/tsearch?artistid=3273

"Vellert, Dirk Jacobsz",https://web.archive.org/web/20121006053715/http://www.nga.gov/cgi-bin/tsearch?artistid=3273

"Velonis, Anthony",https://web.archive.org/web/20121006053715/http://www.nga.gov/cgi-bin/tsearch?artistid=34101

Velut,https://web.archive.org/web/20121006053715/http://www.nga.gov/cgi-bin/tsearch?artistid=6071

"Vendramini, Giovanni",https://web.archive.org/web/20121006053715/http://www.nga.gov/cgi-bin/tsearch?artistid=3274

"Venet, Bernar",https://web.archive.org/web/20121006053715/http://www.nga.gov/cgi-bin/tsearch?artistid=10083

Venetian 14th Century,https://web.archive.org/web/20121006053715/http://www.nga.gov/cgi-bin/tsearch?artistid=8289

Venetian 15th Century,https://web.archive.org/web/20121006053715/http://www.nga.gov/cgi-bin/tsearch?artistid=8299

Venetian 16th Century,https://web.archive.org/web/20121006053715/http://www.nga.gov/cgi-bin/tsearch?artistid=8312

Venetian 17th Century,https://web.archive.org/web/20121006053715/http://www.nga.gov/cgi-bin/tsearch?artistid=8330

"Veneto, Bartolomeo",https://web.archive.org/web/20121006053715/http://www.nga.gov/cgi-bin/tsearch?artistid=462

Veneto region 16th Century,https://web.archive.org/web/20121006053715/http://www.nga.gov/cgi-bin/tsearch?artistid=34671

Veneto-Islamic 16th Century,https://web.archive.org/web/20121006053715/http://www.nga.gov/cgi-bin/tsearch?artistid=8325

"Venezia, Domenico di Bartolo da",https://web.archive.org/web/20121006053715/http://www.nga.gov/cgi-bin/tsearch?artistid=1230

"Veneziano, Agostino",https://web.archive.org/web/20121006053715/http://www.nga.gov/cgi-bin/tsearch?artistid=2873

"Veneziano, Domenico",https://web.archive.org/web/20121006053715/http://www.nga.gov/cgi-bin/tsearch?artistid=1230

"Venne, Adriaen Pietersz van de",https://web.archive.org/web/20121006053715/http://www.nga.gov/cgi-bin/tsearch?artistid=3275

"Venturini, Giovanni Francesco",https://web.archive.org/web/20121006053715/http://www.nga.gov/cgi-bin/tsearch?artistid=3276

"Verbeeck, Cornelis",https://web.archive.org/web/20121006053715/http://www.nga.gov/cgi-bin/tsearch?artistid=15072

"Verbeeck, Cornelius",https://web.archive.org/web/20121006053715/http://www.nga.gov/cgi-bin/tsearch?artistid=15072

"Verbeecq, Cornelis",https://web.archive.org/web/20121006053715/http://www.nga.gov/cgi-bin/tsearch?artistid=15072

"Verbeke, Lucien",https://web.archive.org/web/20121006053715/http://www.nga.gov/cgi-bin/tsearch?artistid=8165

"Verdernikov, Alexander Semenovich",https://web.archive.org/web/20121006053715/http://www.nga.gov/cgi-bin/tsearch?artistid=3277

"Verdet, Andr�",https://web.archive.org/web/20121006053521/http://www.nga.gov/cgi-bin/tsearch?artistid=21204

"Verdier, Fran�ois",https://web.archive.org/web/20121006053521/http://www.nga.gov/cgi-bin/tsearch?artistid=6838

"Verelst, John",https://web.archive.org/web/20121006053521/http://www.nga.gov/cgi-bin/tsearch?artistid=3278

"Verelst, Maria",https://web.archive.org/web/20121006053521/http://www.nga.gov/cgi-bin/tsearch?artistid=6648

"Veresmith, Daniel Albert",https://web.archive.org/web/20121006053521/http://www.nga.gov/cgi-bin/tsearch?artistid=35127

"Vergani, William",https://web.archive.org/web/20121006053521/http://www.nga.gov/cgi-bin/tsearch?artistid=8166

"Vergil, Polydore",https://web.archive.org/web/20121006053521/http://www.nga.gov/cgi-bin/tsearch?artistid=7123

"Vergilius, Polydorus",https://web.archive.org/web/20121006053521/http://www.nga.gov/cgi-bin/tsearch?artistid=7123

"Vergilius Maro, Publius",https://web.archive.org/web/20121006053521/http://www.nga.gov/cgi-bin/tsearch?artistid=7084

"Verhaecht, Tobias",https://web.archive.org/web/20121006053521/http://www.nga.gov/cgi-bin/tsearch?artistid=2791

"Verheyden, Pieter",https://web.archive.org/web/20121006053521/http://www.nga.gov/cgi-bin/tsearch?artistid=4344

"Verkauf, Willy",https://web.archive.org/web/20121006053521/http://www.nga.gov/cgi-bin/tsearch?artistid=3281

"Verkolje, Nicolaas",https://web.archive.org/web/20121006053521/http://www.nga.gov/cgi-bin/tsearch?artistid=3279

"Verkolje I, Jan",https://web.archive.org/web/20121006053521/http://www.nga.gov/cgi-bin/tsearch?artistid=5662

"Verkruis, Theodor",https://web.archive.org/web/20121006053521/http://www.nga.gov/cgi-bin/tsearch?artistid=3280

"Verkruys, Theodor",https://web.archive.org/web/20121006053521/http://www.nga.gov/cgi-bin/tsearch?artistid=3280

"Verlaine, Paul",https://web.archive.org/web/20121006053521/http://www.nga.gov/cgi-bin/tsearch?artistid=22836

"Verlon, Andr�",https://web.archive.org/web/20121006053521/http://www.nga.gov/cgi-bin/tsearch?artistid=3281

"Vermeer, Jan",https://web.archive.org/web/20121006053521/http://www.nga.gov/cgi-bin/tsearch?artistid=1951

"Vermeer, Johannes",https://web.archive.org/web/20121006053521/http://www.nga.gov/cgi-bin/tsearch?artistid=1951

Vermeer van Delft,https://web.archive.org/web/20121006053521/http://www.nga.gov/cgi-bin/tsearch?artistid=1951

"Vermeulen, Cornelis",https://web.archive.org/web/20121006053521/http://www.nga.gov/cgi-bin/tsearch?artistid=3282

"Vermeyen, Jan Cornelisz",https://web.archive.org/web/20121006053521/http://www.nga.gov/cgi-bin/tsearch?artistid=21388

"Verneau, Eug�ne",https://web.archive.org/web/20121006053521/http://www.nga.gov/cgi-bin/tsearch?artistid=23603

"Verner, Elizabeth O'Neill",https://web.archive.org/web/20121006053521/http://www.nga.gov/cgi-bin/tsearch?artistid=34102

"Vernet, Antoine Charles Horace",https://web.archive.org/web/20121006053521/http://www.nga.gov/cgi-bin/tsearch?artistid=3283

"Vernet, Carle",https://web.archive.org/web/20121006053521/http://www.nga.gov/cgi-bin/tsearch?artistid=3283

"Vernet, Charlot",https://web.archive.org/web/20121006053521/http://www.nga.gov/cgi-bin/tsearch?artistid=3283

"Vernet, Claude-Joseph",https://web.archive.org/web/20121006053521/http://www.nga.gov/cgi-bin/tsearch?artistid=2792

"Vernet, Emile Jean Horace",https://web.archive.org/web/20121006053732/http://www.nga.gov/cgi-bin/tsearch?artistid=3284

"Vernet, Horace",https://web.archive.org/web/20121006053732/http://www.nga.gov/cgi-bin/tsearch?artistid=3284

"Vernet, Joseph",https://web.archive.org/web/20121006053732/http://www.nga.gov/cgi-bin/tsearch?artistid=2792

"Vernier, Charles",https://web.archive.org/web/20121006053732/http://www.nga.gov/cgi-bin/tsearch?artistid=3285

"Vernier, Racine",https://web.archive.org/web/20121006053732/http://www.nga.gov/cgi-bin/tsearch?artistid=8167

"Verniquet, Edm�",https://web.archive.org/web/20121006053732/http://www.nga.gov/cgi-bin/tsearch?artistid=11446

"Verona, G.",https://web.archive.org/web/20121006053732/http://www.nga.gov/cgi-bin/tsearch?artistid=5937

"Verona, Giovanni",https://web.archive.org/web/20121006053732/http://www.nga.gov/cgi-bin/tsearch?artistid=5937

Verona 14th Century,https://web.archive.org/web/20121006053732/http://www.nga.gov/cgi-bin/tsearch?artistid=8288

Veronese,https://web.archive.org/web/20121006053732/http://www.nga.gov/cgi-bin/tsearch?artistid=1952

"Veronese, Bonifacio",https://web.archive.org/web/20121006053732/http://www.nga.gov/cgi-bin/tsearch?artistid=6851

"Veronese, Paolo",https://web.archive.org/web/20121006053732/http://www.nga.gov/cgi-bin/tsearch?artistid=1952

Veronese 16th Century,https://web.archive.org/web/20121006053732/http://www.nga.gov/cgi-bin/tsearch?artistid=30839

"Verpilleux, Emile Antoine",https://web.archive.org/web/20121006053732/http://www.nga.gov/cgi-bin/tsearch?artistid=3286

"Verrees, Paul",https://web.archive.org/web/20121006053732/http://www.nga.gov/cgi-bin/tsearch?artistid=3287

"Verrocchio, Andrea del",https://web.archive.org/web/20121006053732/http://www.nga.gov/cgi-bin/tsearch?artistid=5530

"Verspronck, Johannes Cornelisz",https://web.archive.org/web/20121006053732/http://www.nga.gov/cgi-bin/tsearch?artistid=6020

"Vertue, George",https://web.archive.org/web/20121006053732/http://www.nga.gov/cgi-bin/tsearch?artistid=3288

"Verus, Justus van",https://web.archive.org/web/20121006053732/http://www.nga.gov/cgi-bin/tsearch?artistid=3289

"Verwer, Abraham de",https://web.archive.org/web/20121006053732/http://www.nga.gov/cgi-bin/tsearch?artistid=32752

"Verwer van Burghstrate, Abraham de",https://web.archive.org/web/20121006053732/http://www.nga.gov/cgi-bin/tsearch?artistid=32752

"Vespignani, Renzo",https://web.archive.org/web/20121006053732/http://www.nga.gov/cgi-bin/tsearch?artistid=3290

"Vestal, David",https://web.archive.org/web/20121006053732/http://www.nga.gov/cgi-bin/tsearch?artistid=30326

"Vestier, Antoine",https://web.archive.org/web/20121006053732/http://www.nga.gov/cgi-bin/tsearch?artistid=3291

"Vetri, Domenico di Polo de'",https://web.archive.org/web/20121006053732/http://www.nga.gov/cgi-bin/tsearch?artistid=2087

"Vetri, Domenico di Polo di Angelo de'",https://web.archive.org/web/20121006053732/http://www.nga.gov/cgi-bin/tsearch?artistid=2087

"Vetrogonskii, Vladimir Aleksandrovich",https://web.archive.org/web/20121006053732/http://www.nga.gov/cgi-bin/tsearch?artistid=3292

"Veyrassat, Jules Jacques",https://web.archive.org/web/20121006053732/http://www.nga.gov/cgi-bin/tsearch?artistid=3293

"Vezolles, George V.",https://web.archive.org/web/20121006053732/http://www.nga.gov/cgi-bin/tsearch?artistid=8168

"Vezolles, George Victor Jr.",https://web.archive.org/web/20121006053450/http://www.nga.gov/cgi-bin/tsearch?artistid=8168

"Viali, Louis Rene de",https://web.archive.org/web/20121006053450/http://www.nga.gov/cgi-bin/tsearch?artistid=5858

"Vialy, Louis Rene de",https://web.archive.org/web/20121006053450/http://www.nga.gov/cgi-bin/tsearch?artistid=5858

"Vianen, Paulus Willemsz van",https://web.archive.org/web/20121006053450/http://www.nga.gov/cgi-bin/tsearch?artistid=6054

"Vianen I, Paulus van",https://web.archive.org/web/20121006053450/http://www.nga.gov/cgi-bin/tsearch?artistid=6054

"Viani, Domenico Maria",https://web.archive.org/web/20121006053450/http://www.nga.gov/cgi-bin/tsearch?artistid=14055

"Viani, Giovanni Maria",https://web.archive.org/web/20121006053450/http://www.nga.gov/cgi-bin/tsearch?artistid=22798

"Vibert, Pierre-Eug�ne",https://web.archive.org/web/20121006053450/http://www.nga.gov/cgi-bin/tsearch?artistid=17832

"Vicar, Jan",https://web.archive.org/web/20121006053450/http://www.nga.gov/cgi-bin/tsearch?artistid=24947

"Vicar, Jean-Baptiste Joseph",https://web.archive.org/web/20121006053450/http://www.nga.gov/cgi-bin/tsearch?artistid=5607

"Vicente, Esteban",https://web.archive.org/web/20121006053450/http://www.nga.gov/cgi-bin/tsearch?artistid=3294

"Vicentino, Andrea",https://web.archive.org/web/20121006053450/http://www.nga.gov/cgi-bin/tsearch?artistid=27003

"Vicentino, Antonio",https://web.archive.org/web/20121006053450/http://www.nga.gov/cgi-bin/tsearch?artistid=2291

"Vicentino, Guiseppe Nicolo",https://web.archive.org/web/20121006053450/http://www.nga.gov/cgi-bin/tsearch?artistid=2793

"Vicentino, Valerio",https://web.archive.org/web/20121006053450/http://www.nga.gov/cgi-bin/tsearch?artistid=2019

"Vichi, Gaetano",https://web.archive.org/web/20121006053450/http://www.nga.gov/cgi-bin/tsearch?artistid=14796

"Vico, Enea",https://web.archive.org/web/20121006053450/http://www.nga.gov/cgi-bin/tsearch?artistid=3295

"Vidal, Geraud",https://web.archive.org/web/20121006053450/http://www.nga.gov/cgi-bin/tsearch?artistid=3296

"Vidal, L�on",https://web.archive.org/web/20121006053450/http://www.nga.gov/cgi-bin/tsearch?artistid=16501

"Viehbeck, Carl Ludwig Friedrich",https://web.archive.org/web/20121006053450/http://www.nga.gov/cgi-bin/tsearch?artistid=23802

"Vieillard, Roger",https://web.archive.org/web/20121006053450/http://www.nga.gov/cgi-bin/tsearch?artistid=3297

"Vielfaure, Jean-Pierre",https://web.archive.org/web/20121006053450/http://www.nga.gov/cgi-bin/tsearch?artistid=3298

"Vien, Joseph-Marie",https://web.archive.org/web/20121006053450/http://www.nga.gov/cgi-bin/tsearch?artistid=3299

Viennese 19th Century,https://web.archive.org/web/20121006053450/http://www.nga.gov/cgi-bin/tsearch?artistid=23799

"Viereck, Peter",https://web.archive.org/web/20121006053450/http://www.nga.gov/cgi-bin/tsearch?artistid=21215

"Vierge, Daniel",https://web.archive.org/web/20121006053450/http://www.nga.gov/cgi-bin/tsearch?artistid=6784

"Viesulas, Romas",https://web.archive.org/web/20121006053450/http://www.nga.gov/cgi-bin/tsearch?artistid=3300

"Vig�e Le Brun, Elisabeth-Louise",https://web.archive.org/web/20121006053450/http://www.nga.gov/cgi-bin/tsearch?artistid=1953

"Vig�e Le Brun, Marie-Louise-Elisabeth",https://web.archive.org/web/20121006053450/http://www.nga.gov/cgi-bin/tsearch?artistid=1953

"Vig�e-Lebrun, Elisabeth-Louise",https://web.archive.org/web/20121006053455/http://www.nga.gov/cgi-bin/tsearch?artistid=1953

Vignola,https://web.archive.org/web/20121006053455/http://www.nga.gov/cgi-bin/tsearch?artistid=11447

"Vignola, Giacomo Barozzi",https://web.archive.org/web/20121006053455/http://www.nga.gov/cgi-bin/tsearch?artistid=11447

"Vignon, Claude",https://web.archive.org/web/20121006053455/http://www.nga.gov/cgi-bin/tsearch?artistid=3301

"Vignon, Victor Alfred Paul",https://web.archive.org/web/20121006053455/http://www.nga.gov/cgi-bin/tsearch?artistid=28851

Viguet,https://web.archive.org/web/20121006053455/http://www.nga.gov/cgi-bin/tsearch?artistid=34376

"Vilhelmov�, Lenka",https://web.archive.org/web/20121006053455/http://www.nga.gov/cgi-bin/tsearch?artistid=24892

"Villalpando, Juan Bautista",https://web.archive.org/web/20121006053455/http://www.nga.gov/cgi-bin/tsearch?artistid=11592

"Villamena, Francesco",https://web.archive.org/web/20121006053455/http://www.nga.gov/cgi-bin/tsearch?artistid=3302

"Villamil, Eugenio",https://web.archive.org/web/20121006053455/http://www.nga.gov/cgi-bin/tsearch?artistid=6615

"Villareal, Leo",https://web.archive.org/web/20121006053455/http://www.nga.gov/cgi-bin/tsearch?artistid=33045

"Villeboeuf, Andr�",https://web.archive.org/web/20121006053455/http://www.nga.gov/cgi-bin/tsearch?artistid=3303

Villeneuve,https://web.archive.org/web/20121006053455/http://www.nga.gov/cgi-bin/tsearch?artistid=6262

"Villeneuve, Jules Fr�d�ric",https://web.archive.org/web/20121006053455/http://www.nga.gov/cgi-bin/tsearch?artistid=13274

"Villeret, Fran�ois Etienne",https://web.archive.org/web/20121006053455/http://www.nga.gov/cgi-bin/tsearch?artistid=16907

"Villiers-Huet, Fran�ois",https://web.archive.org/web/20121006053455/http://www.nga.gov/cgi-bin/tsearch?artistid=5941

"Villon, Jacques",https://web.archive.org/web/20121006053455/http://www.nga.gov/cgi-bin/tsearch?artistid=3305

"Vil'ner, Victor Semenovich",https://web.archive.org/web/20121006053455/http://www.nga.gov/cgi-bin/tsearch?artistid=3306

"Vincent, Fran�ois-Andr�",https://web.archive.org/web/20121006053455/http://www.nga.gov/cgi-bin/tsearch?artistid=3307

"Vinci, Leonardo da",https://web.archive.org/web/20121006053455/http://www.nga.gov/cgi-bin/tsearch?artistid=1479

"Vinciarelli, Lauretta",https://web.archive.org/web/20121006053455/http://www.nga.gov/cgi-bin/tsearch?artistid=20334

"Vinckboons, David",https://web.archive.org/web/20121006053455/http://www.nga.gov/cgi-bin/tsearch?artistid=2794

"Vinckeboons, David",https://web.archive.org/web/20121006053455/http://www.nga.gov/cgi-bin/tsearch?artistid=2794

"Vingboons, Philips",https://web.archive.org/web/20121006053455/http://www.nga.gov/cgi-bin/tsearch?artistid=20715

"Vinkeles, Reinier",https://web.archive.org/web/20121006053455/http://www.nga.gov/cgi-bin/tsearch?artistid=27555

"Vinson, Pauline",https://web.archive.org/web/20121006053455/http://www.nga.gov/cgi-bin/tsearch?artistid=34103

"Viola, Bill",https://web.archive.org/web/20121006053455/http://www.nga.gov/cgi-bin/tsearch?artistid=27506

"Viollet-Le-Duc II, Adolphe Etienne",https://web.archive.org/web/20121006053455/http://www.nga.gov/cgi-bin/tsearch?artistid=34396

Virgil,https://web.archive.org/web/20121006053455/http://www.nga.gov/cgi-bin/tsearch?artistid=7084

"Viriot de Bouzey II, Pierre",https://web.archive.org/web/20121006053644/http://www.nga.gov/cgi-bin/tsearch?artistid=2297

"Visat, George",https://web.archive.org/web/20121006053644/http://www.nga.gov/cgi-bin/tsearch?artistid=29940

"Vischer, Hans",https://web.archive.org/web/20121006053644/http://www.nga.gov/cgi-bin/tsearch?artistid=3309

"Vischer, Johannes",https://web.archive.org/web/20121006053644/http://www.nga.gov/cgi-bin/tsearch?artistid=3309

"Vischer the Younger, Peter",https://web.archive.org/web/20121006053644/http://www.nga.gov/cgi-bin/tsearch?artistid=2292

"Visentini, Antonio",https://web.archive.org/web/20121006053644/http://www.nga.gov/cgi-bin/tsearch?artistid=11132

"Viseux, Claude",https://web.archive.org/web/20121006053644/http://www.nga.gov/cgi-bin/tsearch?artistid=3311

"Visscher, Claes Jansz",https://web.archive.org/web/20121006053644/http://www.nga.gov/cgi-bin/tsearch?artistid=5182

"Visscher, Cornelis",https://web.archive.org/web/20121006053644/http://www.nga.gov/cgi-bin/tsearch?artistid=3313

"Visscher, Lambert",https://web.archive.org/web/20121006053644/http://www.nga.gov/cgi-bin/tsearch?artistid=3315

"Vitalba, Giovanni",https://web.archive.org/web/20121006053644/http://www.nga.gov/cgi-bin/tsearch?artistid=3316

"Vitorovic, Mileta",https://web.archive.org/web/20121006053644/http://www.nga.gov/cgi-bin/tsearch?artistid=3317

"Vitringa, Wigerus",https://web.archive.org/web/20121006053644/http://www.nga.gov/cgi-bin/tsearch?artistid=3318

"Vitruvius Pollio, Marcus",https://web.archive.org/web/20121006053644/http://www.nga.gov/cgi-bin/tsearch?artistid=7124

"Vittone, Bernardo Antonio",https://web.archive.org/web/20121006053644/http://www.nga.gov/cgi-bin/tsearch?artistid=11666

"Vittore, Fra",https://web.archive.org/web/20121006053644/http://www.nga.gov/cgi-bin/tsearch?artistid=1338

"Vittoria, Alessandro",https://web.archive.org/web/20121006053644/http://www.nga.gov/cgi-bin/tsearch?artistid=2293

"Vivares, Fran�ois",https://web.archive.org/web/20121006053644/http://www.nga.gov/cgi-bin/tsearch?artistid=6360

"Vivares, Thomas",https://web.archive.org/web/20121006053644/http://www.nga.gov/cgi-bin/tsearch?artistid=20915

"Vivarini, Alvise",https://web.archive.org/web/20121006053644/http://www.nga.gov/cgi-bin/tsearch?artistid=1954

"Vivarini, Bartolomeo",https://web.archive.org/web/20121006053644/http://www.nga.gov/cgi-bin/tsearch?artistid=1956

"Vivarini, Luigi",https://web.archive.org/web/20121006053644/http://www.nga.gov/cgi-bin/tsearch?artistid=1954

"Viviani, Antonio",https://web.archive.org/web/20121006053644/http://www.nga.gov/cgi-bin/tsearch?artistid=34450

"Vivien, Joseph",https://web.archive.org/web/20121006053644/http://www.nga.gov/cgi-bin/tsearch?artistid=3319

"Vivier, Mathias-Nicholas-Marie",https://web.archive.org/web/20121006053644/http://www.nga.gov/cgi-bin/tsearch?artistid=27289

"Vlacq, Adrian",https://web.archive.org/web/20121006053644/http://www.nga.gov/cgi-bin/tsearch?artistid=35008

"Vlaminck, Maurice de",https://web.archive.org/web/20121006053644/http://www.nga.gov/cgi-bin/tsearch?artistid=1957

"Vlieger, Simon de",https://web.archive.org/web/20121006053644/http://www.nga.gov/cgi-bin/tsearch?artistid=6616

"Vliet, Hendrik Cornelisz van",https://web.archive.org/web/20121006053644/http://www.nga.gov/cgi-bin/tsearch?artistid=6021

"Vliet, Jan Joris van",https://web.archive.org/web/20121006053654/http://www.nga.gov/cgi-bin/tsearch?artistid=3321

"Vliet, Johannes van",https://web.archive.org/web/20121006053654/http://www.nga.gov/cgi-bin/tsearch?artistid=3321

"Vobecky, Frantisek",https://web.archive.org/web/20121006053654/http://www.nga.gov/cgi-bin/tsearch?artistid=28932

"Voch, Lukas",https://web.archive.org/web/20121006053654/http://www.nga.gov/cgi-bin/tsearch?artistid=19783

"Voerst, Robert van",https://web.archive.org/web/20121006053654/http://www.nga.gov/cgi-bin/tsearch?artistid=5970

"Voet I, Alexander",https://web.archive.org/web/20121006053654/http://www.nga.gov/cgi-bin/tsearch?artistid=6324

"Vogel, Donald",https://web.archive.org/web/20121006053654/http://www.nga.gov/cgi-bin/tsearch?artistid=34104

"Vogel, John N.",https://web.archive.org/web/20121006053654/http://www.nga.gov/cgi-bin/tsearch?artistid=8169

"Vogel, Joseph",https://web.archive.org/web/20121006053654/http://www.nga.gov/cgi-bin/tsearch?artistid=34105

"Voigt, Andreas ?",https://web.archive.org/web/20121006053654/http://www.nga.gov/cgi-bin/tsearch?artistid=5296

"Voiriot, Guillaume",https://web.archive.org/web/20121006053654/http://www.nga.gov/cgi-bin/tsearch?artistid=3322

"Volem, Frank",https://web.archive.org/web/20121006053654/http://www.nga.gov/cgi-bin/tsearch?artistid=8170

"Volk, Douglas",https://web.archive.org/web/20121006053654/http://www.nga.gov/cgi-bin/tsearch?artistid=1958

"Volkov, Sergei",https://web.archive.org/web/20121006053654/http://www.nga.gov/cgi-bin/tsearch?artistid=11350

"Vollard, Ambroise",https://web.archive.org/web/20121006053654/http://www.nga.gov/cgi-bin/tsearch?artistid=7085

"Volle, Douglas",https://web.archive.org/web/20121006053654/http://www.nga.gov/cgi-bin/tsearch?artistid=24901

"Vollmer, Erwin P. Mrs.",https://web.archive.org/web/20121006053654/http://www.nga.gov/cgi-bin/tsearch?artistid=10643

"Vollmer, Ruth",https://web.archive.org/web/20121006053654/http://www.nga.gov/cgi-bin/tsearch?artistid=20467

"Vollon, Antoine",https://web.archive.org/web/20121006053654/http://www.nga.gov/cgi-bin/tsearch?artistid=3323

"Volpato, Giovanni",https://web.archive.org/web/20121006053654/http://www.nga.gov/cgi-bin/tsearch?artistid=3324

"Volpe, Lelio dalla",https://web.archive.org/web/20121006053654/http://www.nga.gov/cgi-bin/tsearch?artistid=35033

Voltaire,https://web.archive.org/web/20121006053654/http://www.nga.gov/cgi-bin/tsearch?artistid=7086

"Voltaire, Francois Marie Arouet de",https://web.archive.org/web/20121006053654/http://www.nga.gov/cgi-bin/tsearch?artistid=7086

"Volterrano, il",https://web.archive.org/web/20121006053654/http://www.nga.gov/cgi-bin/tsearch?artistid=2509

"Voltolini, Giuseppe",https://web.archive.org/web/20121006053654/http://www.nga.gov/cgi-bin/tsearch?artistid=23751

"Volz, Herman",https://web.archive.org/web/20121006053654/http://www.nga.gov/cgi-bin/tsearch?artistid=34106

"Volz, Wolfgang",https://web.archive.org/web/20121006053654/http://www.nga.gov/cgi-bin/tsearch?artistid=23247

"von Alt, Rudolf",https://web.archive.org/web/20121006053654/http://www.nga.gov/cgi-bin/tsearch?artistid=26510

"von Bruchsal, Alexander",https://web.archive.org/web/20121006053654/http://www.nga.gov/cgi-bin/tsearch?artistid=2044

"von den Velden, Katia",https://web.archive.org/web/20121005003513/http://www.nga.gov/cgi-bin/tsearch?artistid=35168

"von Hippel, Theodor Gottlieb",https://web.archive.org/web/20121005003513/http://www.nga.gov/cgi-bin/tsearch?artistid=34816

"von Holst, Theodore M.",https://web.archive.org/web/20121005003513/http://www.nga.gov/cgi-bin/tsearch?artistid=34409

"von Klenze, Leo",https://web.archive.org/web/20121005003513/http://www.nga.gov/cgi-bin/tsearch?artistid=22395

"Von Lutze, Benjamin",https://web.archive.org/web/20121005003513/http://www.nga.gov/cgi-bin/tsearch?artistid=8171

"Von Physter, George",https://web.archive.org/web/20121005003513/http://www.nga.gov/cgi-bin/tsearch?artistid=34108

"von Rumohr, Carl Friedrich Ludwig Felix",https://web.archive.org/web/20121005003513/http://www.nga.gov/cgi-bin/tsearch?artistid=10605

"von Thummel, Moritz August",https://web.archive.org/web/20121005003513/http://www.nga.gov/cgi-bin/tsearch?artistid=34330

"Von Urban, Charles",https://web.archive.org/web/20121005003513/http://www.nga.gov/cgi-bin/tsearch?artistid=8172

"von Wicht, John",https://web.archive.org/web/20121005003513/http://www.nga.gov/cgi-bin/tsearch?artistid=17370

"Vontillius, Eric",https://web.archive.org/web/20121005003513/http://www.nga.gov/cgi-bin/tsearch?artistid=17576

"Voogd, Hendrik",https://web.archive.org/web/20121005003513/http://www.nga.gov/cgi-bin/tsearch?artistid=34395

"Vorst, Joseph Paul",https://web.archive.org/web/20121005003513/http://www.nga.gov/cgi-bin/tsearch?artistid=34109

"Vorsterman, Lucas Emil",https://web.archive.org/web/20121005003513/http://www.nga.gov/cgi-bin/tsearch?artistid=3325

"Vorsterman I, Lucas",https://web.archive.org/web/20121005003513/http://www.nga.gov/cgi-bin/tsearch?artistid=3325

"Vorsterman II, Lucas",https://web.archive.org/web/20121005003513/http://www.nga.gov/cgi-bin/tsearch?artistid=6325

"Vos, Cornelius de",https://web.archive.org/web/20121005003513/http://www.nga.gov/cgi-bin/tsearch?artistid=6337

"Vos, Jan de",https://web.archive.org/web/20121005003513/http://www.nga.gov/cgi-bin/tsearch?artistid=10860

"Vos, Marten de",https://web.archive.org/web/20121005003513/http://www.nga.gov/cgi-bin/tsearch?artistid=2795

"Voss, Jan de",https://web.archive.org/web/20121005003513/http://www.nga.gov/cgi-bin/tsearch?artistid=10860

"Vosterman I, Lucas",https://web.archive.org/web/20121005003513/http://www.nga.gov/cgi-bin/tsearch?artistid=3325

"Vouet, Simon",https://web.archive.org/web/20121005003513/http://www.nga.gov/cgi-bin/tsearch?artistid=1959

"Voyez, Fran�ois",https://web.archive.org/web/20121005003513/http://www.nga.gov/cgi-bin/tsearch?artistid=3327

"Voyez, Nicolas Joseph",https://web.archive.org/web/20121005003513/http://www.nga.gov/cgi-bin/tsearch?artistid=3328

"Voysard, Etienne Claude",https://web.archive.org/web/20121005003513/http://www.nga.gov/cgi-bin/tsearch?artistid=3329

"Vozniak, Jaroslav",https://web.archive.org/web/20121005003513/http://www.nga.gov/cgi-bin/tsearch?artistid=24837

"Vrain, S.",https://web.archive.org/web/20121005003513/http://www.nga.gov/cgi-bin/tsearch?artistid=3330

"Vrancx, Sebastian",https://web.archive.org/web/20121005003513/http://www.nga.gov/cgi-bin/tsearch?artistid=5606

"Vredeman de Vries, Hans",https://web.archive.org/web/20121005003513/http://www.nga.gov/cgi-bin/tsearch?artistid=3331

"Vriendt I, Frans Floris de",https://web.archive.org/web/20121006053710/http://www.nga.gov/cgi-bin/tsearch?artistid=2504

"Vries, Adriaen de",https://web.archive.org/web/20121006053710/http://www.nga.gov/cgi-bin/tsearch?artistid=2294

"Vries, Hans Vredeman de",https://web.archive.org/web/20121006053710/http://www.nga.gov/cgi-bin/tsearch?artistid=3331

"Vries, Simon Wynhoutsz de",https://web.archive.org/web/20121006053710/http://www.nga.gov/cgi-bin/tsearch?artistid=4141

"Vroman, A.C.",https://web.archive.org/web/20121006053710/http://www.nga.gov/cgi-bin/tsearch?artistid=30461

"Vuillard, Edouard",https://web.archive.org/web/20121006053710/http://www.nga.gov/cgi-bin/tsearch?artistid=1960

"Vuillemin, L. de",https://web.archive.org/web/20121006053710/http://www.nga.gov/cgi-bin/tsearch?artistid=1961

"Vysusil, Karel",https://web.archive.org/web/20121006053710/http://www.nga.gov/cgi-bin/tsearch?artistid=24798

"Vytlacil, Vaclav",https://web.archive.org/web/20121006053710/http://www.nga.gov/cgi-bin/tsearch?artistid=34110

"Vittore, Fra",https://web.archive.org/web/20080602070850/http://www.nga.gov/cgi-bin/psearch?Request=A&Person=12250

"Vittoria, Alessandro",https://web.archive.org/web/20080602070850/http://www.nga.gov/cgi-bin/psearch?Request=A&Person=85700

"Vivares, Fran�ois",https://web.archive.org/web/20080602070850/http://www.nga.gov/cgi-bin/psearch?Request=A&Person=241070

"Vivares, Thomas",https://web.archive.org/web/20080602070850/http://www.nga.gov/cgi-bin/psearch?Request=A&Person=563686

"Vivarini, Alvise",https://web.archive.org/web/20080602070850/http://www.nga.gov/cgi-bin/psearch?Request=A&Person=32200

"Vivarini, Bartolomeo",https://web.archive.org/web/20080602070850/http://www.nga.gov/cgi-bin/psearch?Request=A&Person=32300

"Vivarini, Luigi",https://web.archive.org/web/20080602070850/http://www.nga.gov/cgi-bin/psearch?Request=A&Person=32200

"Vivien, Joseph",https://web.archive.org/web/20080602070850/http://www.nga.gov/cgi-bin/psearch?Request=A&Person=209960

"Vivier, Mathias-Nicholas-Marie",https://web.archive.org/web/20080602070850/http://www.nga.gov/cgi-bin/psearch?Request=A&Person=570896

"Vlaminck, Maurice de",https://web.archive.org/web/20080602070850/http://www.nga.gov/cgi-bin/psearch?Request=A&Person=32350

"Vlieger, Simon de",https://web.archive.org/web/20080602070850/http://www.nga.gov/cgi-bin/psearch?Request=A&Person=243830

"Vliet, Hendrik Cornelisz van",https://web.archive.org/web/20080602070850/http://www.nga.gov/cgi-bin/psearch?Request=A&Person=237630

"Vliet, Jan Joris van",https://web.archive.org/web/20080602070850/http://www.nga.gov/cgi-bin/psearch?Request=A&Person=209980

"Vliet, Johannes van",https://web.archive.org/web/20080602070850/http://www.nga.gov/cgi-bin/psearch?Request=A&Person=209980

"Vobecky, Frantisek",https://web.archive.org/web/20080602070850/http://www.nga.gov/cgi-bin/psearch?Request=A&Person=572598

"Voch, Lukas",https://web.archive.org/web/20080602070850/http://www.nga.gov/cgi-bin/psearch?Request=A&Person=562288

"Voerst, Robert van",https://web.archive.org/web/20080602070850/http://www.nga.gov/cgi-bin/psearch?Request=A&Person=237110

"Voet I, Alexander",https://web.archive.org/web/20080602070850/http://www.nga.gov/cgi-bin/psearch?Request=A&Person=240710

"Vogel, John N.",https://web.archive.org/web/20080602070850/http://www.nga.gov/cgi-bin/psearch?Request=A&Person=409770

"Voigt, Andreas ?",https://web.archive.org/web/20080602070850/http://www.nga.gov/cgi-bin/psearch?Request=A&Person=230100

"Voiriot, Guillaume",https://web.archive.org/web/20080602070855/http://www.nga.gov/cgi-bin/psearch?Request=A&Person=209990

"Volem, Frank",https://web.archive.org/web/20080602070855/http://www.nga.gov/cgi-bin/psearch?Request=A&Person=409780

"Volk, Douglas",https://web.archive.org/web/20080602070855/http://www.nga.gov/cgi-bin/psearch?Request=A&Person=32400

"Volkov, Sergei",https://web.archive.org/web/20080602070855/http://www.nga.gov/cgi-bin/psearch?Request=A&Person=553386

"Vollard, Ambroise",https://web.archive.org/web/20080602070855/http://www.nga.gov/cgi-bin/psearch?Request=A&Person=301200

"Vollmer, Ruth",https://web.archive.org/web/20080602070855/http://www.nga.gov/cgi-bin/psearch?Request=A&Person=563022

"Vollon, Antoine",https://web.archive.org/web/20080602070855/http://www.nga.gov/cgi-bin/psearch?Request=A&Person=210000

"Volpato, Giovanni",https://web.archive.org/web/20080602070855/http://www.nga.gov/cgi-bin/psearch?Request=A&Person=210010

Voltaire,https://web.archive.org/web/20080602070855/http://www.nga.gov/cgi-bin/psearch?Request=A&Person=301210

"Voltaire, Francois Marie Arouet de",https://web.archive.org/web/20080602070855/http://www.nga.gov/cgi-bin/psearch?Request=A&Person=301210

"Volterrano, il",https://web.archive.org/web/20080602070855/http://www.nga.gov/cgi-bin/psearch?Request=A&Person=201760

"Voltolini, Giuseppe",https://web.archive.org/web/20080602070855/http://www.nga.gov/cgi-bin/psearch?Request=A&Person=567036

"von Alt, Rudolf",https://web.archive.org/web/20080602070855/http://www.nga.gov/cgi-bin/psearch?Request=A&Person=570062

"von Klenze, Leo",https://web.archive.org/web/20080602070855/http://www.nga.gov/cgi-bin/psearch?Request=A&Person=565499

"Von Lutze, Benjamin",https://web.archive.org/web/20080602070855/http://www.nga.gov/cgi-bin/psearch?Request=A&Person=409790

"von Rumohr, Carl Friedrich Ludwig Felix",https://web.archive.org/web/20080602070855/http://www.nga.gov/cgi-bin/psearch?Request=A&Person=552569

"Von Urban, Charles",https://web.archive.org/web/20080602070855/http://www.nga.gov/cgi-bin/psearch?Request=A&Person=409800

"Vorsterman, Lucas Emil",https://web.archive.org/web/20080602070855/http://www.nga.gov/cgi-bin/psearch?Request=A&Person=210020

"Vorsterman I, Lucas",https://web.archive.org/web/20080602070855/http://www.nga.gov/cgi-bin/psearch?Request=A&Person=210020

"Vorsterman II, Lucas",https://web.archive.org/web/20080602070855/http://www.nga.gov/cgi-bin/psearch?Request=A&Person=240720

